scenario_id,episodes,success_rate,collision_rate,timeout_rate,avg_path_len_success,mean_time_to_goal_success,mean_avg_angular_jerk,mean_SPL,mean_space_compliance,path_len_success_n,path_len_success_mean,path_len_success_std,path_len_success_ci95_low,path_len_success_ci95_high,time_to_goal_success_n,time_to_goal_success_mean,time_to_goal_success_std,time_to_goal_success_ci95_low,time_to_goal_success_ci95_high,avg_angular_jerk_n,avg_angular_jerk_mean,avg_angular_jerk_std,avg_angular_jerk_ci95_low,avg_angular_jerk_ci95_high,space_compliance_n,space_compliance_mean,space_compliance_std,space_compliance_ci95_low,space_compliance_ci95_high,min_dist_human_n,min_dist_human_mean,min_dist_human_std,min_dist_human_ci95_low,min_dist_human_ci95_high
14,315.0,1.0,0.0,0.0,23.60485926923122,24.70079365079365,17.50797528352536,0.9629093345250067,0.9302307830180692,315.0,23.60485926923122,0.4401941350269022,23.556247094937614,23.653471443524825,315.0,24.70079365079365,0.8978252237733331,24.6016436785647,24.7999436230226,315.0,17.50797528352536,2.6136924183231423,17.219336109853426,17.796614457197297,315.0,0.9302307830180692,0.03911517288752574,0.9259111579921322,0.9345504080440061,315.0,0.233644167061836,0.10417925053149249,0.22213928891459644,0.24514904520907554
15,367.0,1.0,0.0,0.0,16.44119200832885,18.14441416893733,15.162458777195726,0.8733495071519828,0.9407721403014179,367.0,16.44119200832885,2.8683692558339193,16.14772580183117,16.73465821482653,367.0,18.14441416893733,4.770296312595542,17.656359585351197,18.632468752523465,367.0,15.162458777195726,4.580826781816048,14.693789042450677,15.631128511940775,367.0,0.9407721403014179,0.0706705335719357,0.9335417555256985,0.9480025250771372,367.0,0.5268905286243242,0.460106981992936,0.4798164462641338,0.5739646109845146
16,318.0,1.0,0.0,0.0,18.09649879344829,19.80817610062893,18.011777170944768,0.975229540627325,0.870405247111515,318.0,18.09649879344829,1.727046941337282,17.90667674607998,18.2863208408166,318.0,19.80817610062893,2.094889185792876,19.577924018453896,20.038428182803965,318.0,18.011777170944768,2.807566121365768,17.70319381022448,18.320360531665056,318.0,0.870405247111515,0.07382085045587022,0.8622914983554142,0.8785189958676158,318.0,0.27626245482912604,0.08044172778592393,0.26742099655912394,0.28510391309912814
