scenario_id,episodes,success_rate,collision_rate,timeout_rate,avg_path_len_success,mean_time_to_goal_success,mean_avg_angular_jerk,mean_SPL,mean_space_compliance,path_len_success_n,path_len_success_mean,path_len_success_std,path_len_success_ci95_low,path_len_success_ci95_high,time_to_goal_success_n,time_to_goal_success_mean,time_to_goal_success_std,time_to_goal_success_ci95_low,time_to_goal_success_ci95_high,avg_angular_jerk_n,avg_angular_jerk_mean,avg_angular_jerk_std,avg_angular_jerk_ci95_low,avg_angular_jerk_ci95_high,space_compliance_n,space_compliance_mean,space_compliance_std,space_compliance_ci95_low,space_compliance_ci95_high,min_dist_human_n,min_dist_human_mean,min_dist_human_std,min_dist_human_ci95_low,min_dist_human_ci95_high
14,333.0,1.0,0.0,0.0,24.254158803256267,27.307057057057058,21.118197877578773,0.9372463533699471,0.9298830123367613,333.0,24.254158803256267,0.5275056112407734,24.19750082957616,24.310816776936374,333.0,27.307057057057058,1.5450473887495084,27.141107629371575,27.47300648474254,333.0,21.118197877578773,4.575844920815175,20.626718553827168,21.609677201330378,333.0,0.9298830123367613,0.049295136276852364,0.9245883529545385,0.9351776717189841,333.0,0.24673812006328916,0.15331226610887175,0.2302712576206277,0.26320498250595065
15,337.0,0.9940652818991098,0.005934718100890208,0.0,17.05055605577947,20.747014925373133,15.481242583537663,0.8289605969527035,0.9422904395745496,335.0,17.05055605577947,2.125595719041415,16.82293400356659,17.27817810799235,335.0,20.747014925373133,3.086209918565685,20.416524310939423,21.077505539806843,337.0,15.481242583537663,3.8244023309389257,15.072918782856025,15.8895663842193,337.0,0.9422904395745496,0.07480501253530501,0.9343036577494914,0.9502772213996078,337.0,0.5698426502483181,0.5604780134699826,0.5100015318578346,0.6296837686388017
16,330.0,0.9545454545454546,0.045454545454545456,0.0,20.832042303407935,23.35238095238095,18.801190629971426,0.8110595609783197,0.81495612815217,315.0,20.832042303407935,2.4396913866757948,20.56261867079992,21.10146593601595,315.0,23.35238095238095,3.6766220971832153,22.946358745408418,23.758403159353485,330.0,18.801190629971426,3.8964639368007865,18.380783800530576,19.221597459412276,330.0,0.81495612815217,0.1121350740070941,0.8028573761305758,0.8270548801737642,330.0,0.2217760229652578,0.14904569924541544,0.20569481937197967,0.23785722655853594
