scenario_id,episodes,success_rate,collision_rate,timeout_rate,avg_path_len_success,mean_time_to_goal_success,mean_avg_angular_jerk,mean_SPL,mean_space_compliance,path_len_success_n,path_len_success_mean,path_len_success_std,path_len_success_ci95_low,path_len_success_ci95_high,time_to_goal_success_n,time_to_goal_success_mean,time_to_goal_success_std,time_to_goal_success_ci95_low,time_to_goal_success_ci95_high,avg_angular_jerk_n,avg_angular_jerk_mean,avg_angular_jerk_std,avg_angular_jerk_ci95_low,avg_angular_jerk_ci95_high,space_compliance_n,space_compliance_mean,space_compliance_std,space_compliance_ci95_low,space_compliance_ci95_high,min_dist_human_n,min_dist_human_mean,min_dist_human_std,min_dist_human_ci95_low,min_dist_human_ci95_high
14,330.0,0.9333333333333333,0.0,0.06666666666666667,34.62832436203196,37.685064935064936,31.040371356729977,0.7289654568774155,0.9196050737556861,308.0,34.62832436203196,19.425138279174796,32.45889840505108,36.79775031901284,308.0,37.685064935064936,21.9422789057753,35.23452127718343,40.13560859294644,330.0,31.040371356729977,9.369175024002278,30.029489380095743,32.05125333336421,330.0,0.9196050737556861,0.05769058740786916,0.9133805796158441,0.9258295678955282,330.0,0.2160467957908457,0.11385546423178435,0.20376242321392388,0.22833116836776754
15,352.0,1.0,0.0,0.0,21.306212240790607,24.67471590909091,27.23267738584373,0.7587795042228116,0.9150420553839157,352.0,21.306212240790607,10.621046896270403,20.19664898549223,22.415775496088983,352.0,24.67471590909091,13.118040683427303,23.304295830355425,26.045135987826395,352.0,27.23267738584373,6.047583578202489,26.600896301808064,27.864458469879395,352.0,0.9150420553839157,0.09026826385577356,0.9056118787099839,0.9244722320578475,352.0,0.4275776923803443,0.44202291732017285,0.3814002870973981,0.47375509766329055
16,318.0,0.9968553459119497,0.0,0.0031446540880503146,22.38580297121156,24.850157728706623,25.475588945968013,0.8437459003819845,0.8757658514315366,317.0,22.38580297121156,8.446239672889822,21.456002330367973,23.31560361205515,317.0,24.850157728706623,10.0437149709697,23.74449971068559,25.955815746727655,318.0,25.475588945968013,4.958360359068775,24.930608903781373,26.020568988154654,318.0,0.8757658514315366,0.08808161283109991,0.86608468314195,0.8854470197211233,318.0,0.25301769375801086,0.1094085336511223,0.24099245497605887,0.26504293253996286
